<modification>
<name>InvoiceFox_module</name>
<code>InvoiceFox_module</code>
<version>3.x</version>
<author>Refaktor Labs, Janko Metelko and julistong@gmail.com</author>
<link>https://www.cebelca.biz</link>
 <file path="admin/view/template/sale/order_history.twig" >
	<operation>
		<search ><![CDATA[
				{% for history in histories %}
				]]></search>
		<add position="after" ><![CDATA[ 
				{% if history.button=='ok' %} 
					{% if invoicefox_id!='' and invoicefox_info.doc_num=='' %}
						
						<script type="text/javascript"><!--
						$(document).ready(function(){							
							$('#finalizebttn').on('click',function(event){
									event.preventDefault();
									href= $(this).attr('href');
									$.get(href,function(data){
										if(data.status=='fail'){
											alert(data.error);
										}
										else{
											$('#history').load('index.php?route=sale/order/history&user_token=<?php echo $user_token; ?>&order_id=<?php echo $order_id; ?>');
										}
									},'json');
							});
						});
						//--></script> 
						
					{% elseif(invoicefox_id!='' and invoicefox_info.doc_num !='') %}
						
						<script type="text/javascript"><!--
						$(document).ready(function(){	
							$('#finalizebttn').on('click',function(event){
									event.preventDefault();
									href= $(this).attr('href');
									$.get(href,function(data){
										if(data.status=='fail'){
											alert(data.error);											
										}
										else{
											$('#history').load('index.php?route=sale/order/history&user_token=<?php echo $user_token; ?>&order_id=<?php echo $order_id; ?>');
										}
									},'json');
							});
						});
						//--></script> 
					{% endif %}
					
				{% endif %}
			]]></add>
</operation>
</file>
 <file path="catalog/controller/api/order.php" >
	<operation>
		<search ><![CDATA[
			$this->model_checkout_order->addOrderHistory($order_id, $this->request->post['order_status_id'], $this->request->post['comment'], $this->request->post['notify'], $this->request->post['override']);
	    ]]></search>
		<add position="before" ><![CDATA[                          
                                    if(file_exists(DIR_APPLICATION."model/extension/invoicefox/hooks.php"))
                                    {                          
                                        require_once(DIR_APPLICATION."model/extension/invoicefox/hooks.php");
                                        $hooks = new ModelExtensionInvoiceFoxHooks( $this->registry );
                                        $this->request->post["comment"] = $hooks->changeOrderStatusHook($this->request->post["order_status_id"], $this->request->post["comment"], $this->request->get["order_id"]);
                                    }
				]]></add>
</operation>
</file>
 <file path="admin/controller/sale/order.php" >
	<operation>
		<search ><![CDATA[
				$results = $this->model_sale_order->getOrderHistories($this->request->get['order_id'], ($page - 1) * 10, 10);
	    ]]></search>
		<add position="after" ><![CDATA[                          
				$invoicefox_id = $this->model_sale_order->getInvoicefoxId($this->request->get['order_id']);
				$invoicefox_info = $this->model_sale_order->getInvoicefoxInfo($this->request->get['order_id']);
				
				$data['invoiceurl'] = $invoiceurl = $this->url->link('extension/module/invoicefox/print_invoice', 'user_token=' . $this->session->data['user_token'] . '&order_id=' . $this->request->get['order_id'] . '&hstyle=basicVER3', 'SSL');

				$data['upninvoiceurl'] = $upninvoiceurl = $this->url->link('extension/module/invoicefox/print_invoice', 'user_token=' . $this->session->data['user_token'] . '&order_id=' . $this->request->get['order_id'] . '&hstyle=basicVER3UPN', 'SSL');

				$data['finalizeinvoiceurl'] = $finalizeinvoiceurl = $this->url->link('extension/module/invoicefox/finalize_invoice', 'user_token=' . $this->session->data['user_token'] . '&order_id=' . $this->request->get['order_id'], 'SSL');

				$data['get_fiscal_info'] = $get_fiscal_info = $this->url->link('extension/module/invoicefox/get_fiscal_info', 'user_token=' . $this->session->data['user_token'] . '&order_id=' . $this->request->get['order_id'], 'SSL');

			
				

				$data['invoicefox_id']=$invoicefox_id;
				$data['invoicefox_info']=$invoicefox_info;
				$data['user_token']=$this->session->data['user_token'];
				$data['order_id']=$this->request->get['order_id'];
				


				]]></add>
</operation>
	<operation>
		<search  index="2" ><![CDATA[
				foreach ($results as $result) {
	    ]]></search>
		<add position="after" ><![CDATA[ 
				$result['button'] = '';
				if(preg_match('/was created at/is',$result['comment'])){
					$result['button'] = 'ok';
					if($invoicefox_id!=='' && $invoicefox_info['doc_num']==''){
						$result['comment'].="<br /><a id='finalizebttn' href='".$finalizeinvoiceurl."'  class='btn btn-primary'>Finalize invoice</a>";
						?>
						
						<?php
					}
					elseif($invoicefox_id!=='' && $invoicefox_info['doc_num']!=''){
						$result['comment'].="<br /><br />Doc num:  ".$invoicefox_info['doc_num']."<br />";
						$result['comment'].="<br /><a href='".$invoiceurl."' target='_blank' class='btn btn-primary'>Print</a> <a href='".$upninvoiceurl."' target='_blank' class='btn btn-primary'>Print UPN</a> ";						

						if($invoicefox_id!=='' && $invoicefox_info['is_finalize']==1){
							$result['comment'].=" <a id='fiscolizeebttn' href='".$get_fiscal_info."'  target='blank' class='btn btn-primary'>Get fiscal info</a>";
						}
						?>						 
						<?php
					}
					
				}

				]]></add>
</operation>
	<operation>
		<search ><![CDATA[
				'comment'    => nl2br($result['comment']),
	    ]]></search>
		<add position="after" ><![CDATA[ 
				'button'    => $result['button'],
				]]></add>
</operation>
</file>
 <file path="admin/model/sale/order.php" >
	<operation>
		<search ><![CDATA[
			public function getTotalEmailsByProductsOrdered($products) {
	    ]]></search>
		<add position="before" ><![CDATA[                          
                   public function getInvoicefoxId($order_id) {
						$order_query = $this->db->query("SELECT * FROM `" . DB_PREFIX . "invoicefox` o WHERE o.order_id = '" . (int)$order_id . "'");

						if ($order_query->num_rows) {
							return $order_query->row['invoicefox_id'];
						}
						return '';
					}

					public function getInvoicefoxInfo($order_id) {
						$order_query = $this->db->query("SELECT * FROM `" . DB_PREFIX . "invoicefox` o WHERE o.order_id = '" . (int)$order_id . "'");

						if ($order_query->num_rows) {
							return $order_query->row;
						}
						return '';
					}

					public function updateInvoiceFinalized($order_id) {
						$this->db->query("UPDATE `" . DB_PREFIX . "invoicefox` o  set is_finalize=1  WHERE o.order_id = '" . (int)$order_id . "'");
					}

					public function updateInvoiceDocNum($order_id,$doc_num) {
						$this->db->query("UPDATE `" . DB_PREFIX . "invoicefox` o  set doc_num='" . $this->db->escape($doc_num) . "'  WHERE o.order_id = '" . (int)$order_id . "'");
					}

					public function updateInvoiceTaxNum($order_id,$tax_id) {
						$this->db->query("UPDATE `" . DB_PREFIX . "invoicefox` o  set tax_id='" . $this->db->escape($tax_id) . "'  WHERE o.order_id = '" . (int)$order_id . "'");
					}

					public function insertInvoicefoxId($order_id,$invoicefox_id) {						
							$this->db->query("INSERT INTO `" . DB_PREFIX . "invoicefox` SET order_id = '" . $this->db->escape($order_id) . "', invoicefox_id = '" . $invoicefox_id . "'");

							//$order_id = $this->db->getLastId();
					}

				]]></add>
</operation>
</file>
</modification>
